{
    "æsthetic": {
        "word": "æsthetic",
        "wordset_id": "038bd937bb",
        "meanings": [
            {
                "id": "2d592aad64",
                "def": "concerning or characterized by an appreciation of beauty or good taste",
                "example": "I find that my aesthetic faculties get stronger every time I visit a museum.",
                "speech_part": "adjective",
                "synonyms": [
                    "aesthetical",
                    "esthetical"
                ]
            },
            {
                "id": "e279600769",
                "def": "pleasing in visually beautiful way",
                "speech_part": "adjective",
                "synonyms": [
                    "artistic"
                ]
            },
            {
                "id": "b6d55e9bea",
                "def": "a philosophical theory attempting to explain and understand what is beautiful and why it might be considered that way",
                "speech_part": "noun"
            }
        ],
        "editors": [
            "msingle",
            "odd_bloke",
            "hcatlin"
        ],
        "contributors": [
            "sabreuse",
            "lefurjah",
            "zellerpress",
            "malrase",
            "luxfactaest",
            "bryanedu"
        ]
    },
    "&": {
        "word": "&",
        "wordset_id": "2ae309500f",
        "meanings": [
            {
                "id": "b4a4825fab",
                "def": "a typographic mark used to represent 'and'",
                "example": "The name of the firm was usually written with an ampersand.",
                "speech_part": "noun"
            }
        ],
        "editors": [
            "msingle"
        ],
        "contributors": [
            "luxfactaest",
            "bryanedu",
            "lefurjah"
        ]
    },
    "ångström": {
        "word": "ångström",
        "wordset_id": "7bcf6fecc7",
        "meanings": [
            {
                "id": "932268e1ff",
                "def": "a metric unit of length equal to one ten billionth of a meter",
                "example": "The scientists told us that the measurement was accurate to 3 angstroms.",
                "speech_part": "noun",
                "synonyms": [
                    null
                ]
            }
        ],
        "editors": [
            "msingle"
        ],
        "contributors": [
            "odd_bloke",
            "bryanedu",
            "zellerpress",
            "lefurjah"
        ]
    },
    "Å": {
        "word": "Å",
        "wordset_id": "7bcf6fecc7",
        "meanings": [
            {
                "id": "932268e1ff",
                "def": "a metric unit of length equal to one ten billionth of a meter",
                "example": "The scientists told us that the measurement was accurate to 3 angstroms.",
                "speech_part": "noun",
                "synonyms": [
                    null
                ]
            }
        ],
        "editors": [
            "msingle"
        ],
        "contributors": [
            "odd_bloke",
            "bryanedu",
            "zellerpress",
            "lefurjah"
        ]
    },
    "😂": {
        "word": "😂",
        "wordset_id": "48fb867ca8",
        "meanings": [
            {
                "id": "b4e163ba3e",
                "def": "the feeling of being so happy, or laughing so much that you cry",
                "example": "Seeing that hilarious video made me so 😂.",
                "speech_part": "noun"
            }
        ]
    },
    "#": {
        "word": "#",
        "wordset_id": "a0cf46645d",
        "meanings": [
            {
                "id": "e0303c93a6",
                "def": "a typographic symbol for number",
                "example": "The octothorpe is common on most phones.",
                "speech_part": "noun"
            }
        ],
        "editors": [
            "msingle"
        ],
        "contributors": [
            "chrise",
            "luxfactaest",
            "sabreuse",
            "lefurjah",
            "bryanedu"
        ]
    },
    "¶": {
        "word": "¶",
        "wordset_id": "735ca641e7",
        "meanings": [
            {
                "id": "d2a66febd9",
                "def": "a paragraph mark",
                "example": "The pilcrow was drawn by the editor to emphasize where the indentation should be.",
                "speech_part": "noun"
            }
        ],
        "editors": [
            "msingle"
        ],
        "contributors": [
            "chrise",
            "luxfactaest",
            "sabreuse",
            "lefurjah",
            "bryanedu"
        ]
    },
    "№": {
        "word": "№",
        "wordset_id": "616ad04eb3",
        "meanings": [
            {
                "id": "7ca081e020",
                "def": "a typographic symbol, № , used for denoting numbers",
                "example": "It is common in Europe to see a numero sign as opposed to an octothorpe.",
                "speech_part": "noun"
            }
        ],
        "editors": [
            "msingle",
            "hcatlin"
        ],
        "contributors": [
            "luxfactaest",
            "lefurjah",
            "bryanedu"
        ]
    },
    "☞": {
        "word": "☞",
        "wordset_id": "cd5e676f5d",
        "meanings": [
            {
                "id": "7c107a8217",
                "def": "a typographic symbol used to draw the reader's attention",
                "example": "The typesetter preferred manicules to changes of font when emphasizing small notes in the text.",
                "speech_part": "noun"
            }
        ],
        "editors": [
            "msingle"
        ],
        "contributors": [
            "luxfactaest",
            "bryanedu",
            "lefurjah"
        ]
    }
}