{
    "xenophobic": {
        "word": "xenophobic",
        "wordset_id": "5645bdae31",
        "meanings": [
            {
                "id": "6f50157c76",
                "def": "suffering from xenophobia, or the fear of outsiders",
                "example": "Those remarks make it pretty clear how xenophobic you are.",
                "speech_part": "adjective"
            }
        ],
        "editors": [
            "hcatlin"
        ],
        "contributors": [
            "malrase",
            "msingle",
            "lefurjah"
        ]
    },
    "xanthous": {
        "word": "xanthous",
        "wordset_id": "f71f9720cc",
        "meanings": [
            {
                "id": "fc3a76e2f1",
                "def": "of the color intermediate between green and orange in the color spectrum",
                "example": "The new rug you bought is fairly xanthous, don't you think?",
                "speech_part": "adjective",
                "synonyms": [
                    "yellow"
                ],
                "labels": [
                    {
                        "name": "archaic",
                        "is_dialect": false
                    }
                ]
            }
        ],
        "editors": [
            "hcatlin"
        ],
        "contributors": [
            "msingle",
            "malrase",
            "lefurjah"
        ]
    },
    "xxvii": {
        "word": "xxvii",
        "wordset_id": "77a1aec695",
        "meanings": [
            {
                "id": "d4fea7855f",
                "def": "being seven more than twenty",
                "speech_part": "adjective",
                "synonyms": [
                    "twenty-seven"
                ]
            }
        ]
    },
    "xxviii": {
        "word": "xxviii",
        "wordset_id": "517a3ca0f7",
        "meanings": [
            {
                "id": "e54bb9c23b",
                "def": "the Roman numeral for 28",
                "speech_part": "adjective",
                "synonyms": [
                    "twenty-eight"
                ],
                "labels": [
                    {
                        "name": "archaic",
                        "is_dialect": false
                    }
                ]
            }
        ],
        "editors": [
            "msingle"
        ],
        "contributors": [
            "malrase",
            "lefurjah",
            "hcatlin"
        ]
    },
    "x": {
        "word": "x",
        "wordset_id": "0daa6695c3",
        "meanings": [
            {
                "id": "dc5abff7e9",
                "def": "the Roman numeral for 10",
                "speech_part": "adjective",
                "synonyms": [
                    "ten"
                ],
                "labels": [
                    {
                        "name": "archaic",
                        "is_dialect": false
                    }
                ]
            },
            {
                "id": "33930a25cb",
                "def": "the 24th letter of the Roman alphabet",
                "example": "The farmer signed with an x.",
                "speech_part": "noun",
                "synonyms": [
                    "ex"
                ]
            }
        ],
        "editors": [
            "msingle"
        ],
        "contributors": [
            "malrase",
            "hcatlin",
            "lefurjah"
        ]
    },
    "xxix": {
        "word": "xxix",
        "wordset_id": "797917c907",
        "meanings": [
            {
                "id": "c651ef5e44",
                "def": "the Roman numeral for 29",
                "speech_part": "adjective",
                "synonyms": [
                    "twenty-nine"
                ],
                "labels": [
                    {
                        "name": "archaic",
                        "is_dialect": false
                    }
                ]
            }
        ],
        "editors": [
            "msingle"
        ],
        "contributors": [
            "jessicarobyn",
            "malrase",
            "lefurjah",
            "hcatlin"
        ]
    },
    "xi": {
        "word": "xi",
        "wordset_id": "0dee376a0c",
        "meanings": [
            {
                "id": "8d5cdcc800",
                "def": "the Roman numeral for 11",
                "speech_part": "adjective",
                "synonyms": [
                    "eleven"
                ],
                "labels": [
                    {
                        "name": "archaic",
                        "is_dialect": false
                    }
                ]
            },
            {
                "id": "cd0361967f",
                "def": "the 14th letter of the Greek alphabet",
                "speech_part": "noun"
            }
        ],
        "editors": [
            "malrase"
        ],
        "contributors": [
            "msingle",
            "hcatlin",
            "lefurjah"
        ]
    },
    "xxx": {
        "word": "xxx",
        "wordset_id": "714b4e5e79",
        "meanings": [
            {
                "id": "7d0027b336",
                "def": "the Roman numeral for 30",
                "speech_part": "adjective",
                "synonyms": [
                    "thirty"
                ],
                "labels": [
                    {
                        "name": "archaic",
                        "is_dialect": false
                    }
                ]
            }
        ],
        "editors": [
            "msingle"
        ],
        "contributors": [
            "malrase",
            "lefurjah",
            "hcatlin"
        ]
    },
    "xxxi": {
        "word": "xxxi",
        "wordset_id": "84b4e33af9",
        "meanings": [
            {
                "id": "43d5392da5",
                "def": "thirty-one in Roman numerals",
                "speech_part": "adjective",
                "synonyms": [
                    "thirty-one"
                ]
            }
        ],
        "editors": [
            "lefurjah"
        ],
        "contributors": [
            "bryanedu",
            "malrase",
            "hcatlin"
        ]
    },
    "xii": {
        "word": "xii",
        "wordset_id": "65eb2f35bb",
        "meanings": [
            {
                "id": "aeff5f34ad",
                "def": "the Roman numeral for 12",
                "speech_part": "adjective",
                "synonyms": [
                    "twelve"
                ],
                "labels": [
                    {
                        "name": "archaic",
                        "is_dialect": false
                    }
                ]
            }
        ],
        "editors": [
            "msingle"
        ],
        "contributors": [
            "malrase",
            "hcatlin",
            "lefurjah"
        ]
    },
    "xxxii": {
        "word": "xxxii",
        "wordset_id": "702664316d",
        "meanings": [
            {
                "id": "5f1b60a36d",
                "def": "the Roman numeral for 32",
                "speech_part": "adjective",
                "synonyms": [
                    "thirty-two"
                ],
                "labels": [
                    {
                        "name": "archaic",
                        "is_dialect": false
                    }
                ]
            }
        ],
        "editors": [
            "malrase"
        ],
        "contributors": [
            "msingle",
            "lefurjah",
            "hcatlin"
        ]
    },
    "xxxiii": {
        "word": "xxxiii",
        "wordset_id": "35850d807f",
        "meanings": [
            {
                "id": "7098f4d9f7",
                "def": "the Roman numeral for 33",
                "speech_part": "adjective",
                "synonyms": [
                    "thirty-three"
                ],
                "labels": [
                    {
                        "name": "archaic",
                        "is_dialect": false
                    }
                ]
            }
        ],
        "editors": [
            "msingle"
        ],
        "contributors": [
            "malrase",
            "lefurjah",
            "hcatlin"
        ]
    },
    "xiii": {
        "word": "xiii",
        "wordset_id": "2ee78f843f",
        "meanings": [
            {
                "id": "392346271c",
                "def": "the Roman numeral for 13",
                "speech_part": "adjective",
                "synonyms": [
                    "thirteen"
                ],
                "labels": [
                    {
                        "name": "archaic",
                        "is_dialect": false
                    }
                ]
            }
        ],
        "editors": [
            "hcatlin"
        ],
        "contributors": [
            "malrase",
            "msingle",
            "lefurjah"
        ]
    },
    "xxxiv": {
        "word": "xxxiv",
        "wordset_id": "77449718d2",
        "meanings": [
            {
                "id": "873ec46862",
                "def": "the Roman numeral for 34",
                "speech_part": "adjective",
                "synonyms": [
                    "thirty-four"
                ],
                "labels": [
                    {
                        "name": "archaic",
                        "is_dialect": false
                    }
                ]
            }
        ],
        "editors": [
            "malrase"
        ],
        "contributors": [
            "msingle",
            "sabreuse",
            "hcatlin"
        ]
    },
    "xiv": {
        "word": "xiv",
        "wordset_id": "a81ac6cf03",
        "meanings": [
            {
                "id": "8938d357a5",
                "def": "the Roman numeral for 14",
                "speech_part": "adjective",
                "synonyms": [
                    "fourteen"
                ],
                "labels": [
                    {
                        "name": "archaic",
                        "is_dialect": false
                    }
                ]
            }
        ],
        "editors": [
            "malrase"
        ],
        "contributors": [
            "msingle",
            "sabreuse",
            "hcatlin"
        ]
    },
    "xxxv": {
        "word": "xxxv",
        "wordset_id": "e3e46f9ad3",
        "meanings": [
            {
                "id": "370b374ec0",
                "def": "the Roman numeral for 35",
                "speech_part": "adjective",
                "synonyms": [
                    "thirty-five"
                ],
                "labels": [
                    {
                        "name": "archaic",
                        "is_dialect": false
                    }
                ]
            }
        ],
        "editors": [
            "malrase"
        ],
        "contributors": [
            "msingle",
            "lefurjah",
            "hcatlin"
        ]
    },
    "xxxvi": {
        "word": "xxxvi",
        "wordset_id": "629f01316b",
        "meanings": [
            {
                "id": "2fd3ad62fb",
                "def": "the Roman numeral for 36",
                "speech_part": "adjective",
                "synonyms": [
                    "thirty-six"
                ],
                "labels": [
                    {
                        "name": "archaic",
                        "is_dialect": false
                    }
                ]
            }
        ],
        "editors": [
            "hcatlin"
        ],
        "contributors": [
            "malrase",
            "msingle",
            "lefurjah"
        ]
    },
    "xv": {
        "word": "xv",
        "wordset_id": "600f817d50",
        "meanings": [
            {
                "id": "c1ae361f03",
                "def": "the Roman numeral for 15",
                "speech_part": "adjective",
                "synonyms": [
                    "fifteen"
                ],
                "labels": [
                    {
                        "name": "archaic",
                        "is_dialect": false
                    }
                ]
            }
        ],
        "editors": [
            "malrase"
        ],
        "contributors": [
            "msingle",
            "sabreuse",
            "hcatlin"
        ]
    },
    "xxxvii": {
        "word": "xxxvii",
        "wordset_id": "a07c6d4ff4",
        "meanings": [
            {
                "id": "0843e40a47",
                "def": "the Roman numeral for 37",
                "speech_part": "adjective",
                "synonyms": [
                    "thirty-seven"
                ],
                "labels": [
                    {
                        "name": "archaic",
                        "is_dialect": false
                    }
                ]
            }
        ],
        "editors": [
            "hcatlin"
        ],
        "contributors": [
            "malrase",
            "msingle",
            "lefurjah"
        ]
    },
    "xvi": {
        "word": "xvi",
        "wordset_id": "c3e4201b05",
        "meanings": [
            {
                "id": "8a5d7d5aa1",
                "def": "the Roman numeral for 16",
                "speech_part": "adjective",
                "synonyms": [
                    "sixteen"
                ],
                "labels": [
                    {
                        "name": "archaic",
                        "is_dialect": false
                    }
                ]
            }
        ],
        "editors": [
            "msingle"
        ],
        "contributors": [
            "malrase",
            "lefurjah",
            "hcatlin"
        ]
    },
    "xxxviii": {
        "word": "xxxviii",
        "wordset_id": "f423e0a1db",
        "meanings": [
            {
                "id": "52ef1c873b",
                "def": "the Roman numeral for 38",
                "speech_part": "adjective",
                "labels": [
                    {
                        "name": "archaic",
                        "is_dialect": false
                    }
                ]
            }
        ],
        "editors": [
            "hcatlin"
        ],
        "contributors": [
            "malrase",
            "msingle",
            "lefurjah"
        ]
    },
    "xvii": {
        "word": "xvii",
        "wordset_id": "e8f3299a51",
        "meanings": [
            {
                "id": "5ca101d674",
                "def": "the Roman numeral for 17",
                "speech_part": "adjective",
                "synonyms": [
                    "seventeen"
                ],
                "labels": [
                    {
                        "name": "archaic",
                        "is_dialect": false
                    }
                ]
            }
        ],
        "editors": [
            "msingle"
        ],
        "contributors": [
            "malrase",
            "hcatlin",
            "sabreuse"
        ]
    },
    "xl": {
        "word": "xl",
        "wordset_id": "83268f5941",
        "meanings": [
            {
                "id": "a9be828eec",
                "def": "the Roman numeral for 40",
                "speech_part": "adjective",
                "synonyms": [
                    "forty"
                ],
                "labels": [
                    {
                        "name": "archaic",
                        "is_dialect": false
                    }
                ]
            }
        ],
        "editors": [
            "msingle"
        ],
        "contributors": [
            "malrase",
            "hcatlin",
            "lefurjah"
        ]
    },
    "xviii": {
        "word": "xviii",
        "wordset_id": "02e290257f",
        "meanings": [
            {
                "id": "145aec59aa",
                "def": "the Roman numeral for 18",
                "speech_part": "adjective",
                "synonyms": [
                    "eighteen"
                ]
            }
        ],
        "editors": [
            "hcatlin"
        ],
        "contributors": [
            "malrase",
            "msingle",
            "lefurjah"
        ]
    },
    "xix": {
        "word": "xix",
        "wordset_id": "b9e7946ea9",
        "meanings": [
            {
                "id": "1cd9582cc5",
                "def": "the Roman numeral for 19",
                "speech_part": "adjective",
                "synonyms": [
                    "nineteen"
                ],
                "labels": [
                    {
                        "name": "archaic",
                        "is_dialect": false
                    }
                ]
            }
        ],
        "editors": [
            "malrase"
        ],
        "contributors": [
            "msingle",
            "lefurjah",
            "hcatlin"
        ]
    },
    "xlii": {
        "word": "xlii",
        "wordset_id": "e8f4324c88",
        "meanings": [
            {
                "id": "d32fdbc18a",
                "def": "the Roman numeral for 42",
                "speech_part": "adjective",
                "synonyms": [
                    "forty-two"
                ],
                "labels": [
                    {
                        "name": "archaic",
                        "is_dialect": false
                    }
                ]
            }
        ],
        "editors": [
            "msingle"
        ],
        "contributors": [
            "malrase",
            "lefurjah",
            "hcatlin"
        ]
    },
    "xx": {
        "word": "xx",
        "wordset_id": "09c5201610",
        "meanings": [
            {
                "id": "856dda8b00",
                "def": "the Roman numeral for 20",
                "speech_part": "adjective",
                "synonyms": [
                    "twenty"
                ],
                "labels": [
                    {
                        "name": "archaic",
                        "is_dialect": false
                    }
                ]
            }
        ],
        "editors": [
            "hcatlin"
        ],
        "contributors": [
            "malrase",
            "msingle",
            "lefurjah"
        ]
    },
    "xliii": {
        "word": "xliii",
        "wordset_id": "30b1751c6d",
        "meanings": [
            {
                "id": "44d92320e2",
                "def": "the Roman numeral for 43",
                "speech_part": "adjective",
                "synonyms": [
                    "forty-three"
                ],
                "labels": [
                    {
                        "name": "archaic",
                        "is_dialect": false
                    }
                ]
            }
        ],
        "editors": [
            "msingle"
        ],
        "contributors": [
            "malrase",
            "sabreuse",
            "hcatlin"
        ]
    },
    "xliv": {
        "word": "xliv",
        "wordset_id": "1773d131dd",
        "meanings": [
            {
                "id": "8b78df5234",
                "def": "the Roman numeral for 44",
                "speech_part": "adjective",
                "synonyms": [
                    "forty-four"
                ],
                "labels": [
                    {
                        "name": "archaic",
                        "is_dialect": false
                    }
                ]
            }
        ],
        "editors": [
            "msingle"
        ],
        "contributors": [
            "malrase",
            "hcatlin",
            "sabreuse"
        ]
    },
    "xxi": {
        "word": "xxi",
        "wordset_id": "a2d853655e",
        "meanings": [
            {
                "id": "e349850e8b",
                "def": "the Roman numeral for 21",
                "speech_part": "adjective",
                "synonyms": [
                    "twenty-one"
                ],
                "labels": [
                    {
                        "name": "archaic",
                        "is_dialect": false
                    }
                ]
            }
        ],
        "editors": [
            "hcatlin"
        ],
        "contributors": [
            "malrase",
            "msingle",
            "lefurjah"
        ]
    },
    "xlv": {
        "word": "xlv",
        "wordset_id": "9009cc122e",
        "meanings": [
            {
                "id": "d75b786e00",
                "def": "the Roman numeral for 45",
                "speech_part": "adjective",
                "synonyms": [
                    "forty-five"
                ],
                "labels": [
                    {
                        "name": "archaic",
                        "is_dialect": false
                    }
                ]
            }
        ],
        "editors": [
            "hcatlin"
        ],
        "contributors": [
            "malrase",
            "msingle",
            "lefurjah"
        ]
    },
    "xxii": {
        "word": "xxii",
        "wordset_id": "8fd59f85b1",
        "meanings": [
            {
                "id": "91a05c578f",
                "def": "the Roman numeral for 22",
                "speech_part": "adjective",
                "synonyms": [
                    "twenty-two"
                ],
                "labels": [
                    {
                        "name": "archaic",
                        "is_dialect": false
                    }
                ]
            }
        ],
        "editors": [
            "msingle"
        ],
        "contributors": [
            "malrase",
            "sabreuse",
            "hcatlin"
        ]
    },
    "xlvi": {
        "word": "xlvi",
        "wordset_id": "e2ef43ddb6",
        "meanings": [
            {
                "id": "3fe84997b2",
                "def": "the Roman numeral for 46",
                "speech_part": "adjective",
                "synonyms": [
                    "forty-six"
                ],
                "labels": [
                    {
                        "name": "archaic",
                        "is_dialect": false
                    }
                ]
            }
        ],
        "editors": [
            "msingle"
        ],
        "contributors": [
            "malrase",
            "hcatlin",
            "lefurjah"
        ]
    },
    "xlvii": {
        "word": "xlvii",
        "wordset_id": "b6320fd782",
        "meanings": [
            {
                "id": "e0e48bba70",
                "def": "the Roman numeral for 47",
                "speech_part": "adjective",
                "synonyms": [
                    "forty-seven"
                ],
                "labels": [
                    {
                        "name": "archaic",
                        "is_dialect": false
                    }
                ]
            }
        ],
        "editors": [
            "malrase"
        ],
        "contributors": [
            "msingle",
            "sabreuse",
            "hcatlin"
        ]
    },
    "xxiii": {
        "word": "xxiii",
        "wordset_id": "783dd6bf66",
        "meanings": [
            {
                "id": "b2a4e897ad",
                "def": "the Roman numeral for 23",
                "speech_part": "adjective",
                "synonyms": [
                    "twenty-three"
                ],
                "labels": [
                    {
                        "name": "archaic",
                        "is_dialect": false
                    }
                ]
            }
        ],
        "editors": [
            "malrase"
        ],
        "contributors": [
            "msingle",
            "lefurjah",
            "hcatlin"
        ]
    },
    "xlviii": {
        "word": "xlviii",
        "wordset_id": "4765b3156b",
        "meanings": [
            {
                "id": "b281a65588",
                "def": "the Roman numeral for 48",
                "speech_part": "adjective",
                "synonyms": [
                    "forty-eight"
                ],
                "labels": [
                    {
                        "name": "archaic",
                        "is_dialect": false
                    }
                ]
            }
        ],
        "editors": [
            "hcatlin"
        ],
        "contributors": [
            "malrase",
            "msingle",
            "lefurjah"
        ]
    },
    "xxiv": {
        "word": "xxiv",
        "wordset_id": "ed62bf8424",
        "meanings": [
            {
                "id": "458f748a78",
                "def": "the Roman numeral for 24",
                "speech_part": "adjective",
                "synonyms": [
                    "twenty-four"
                ]
            }
        ],
        "editors": [
            "hcatlin"
        ],
        "contributors": [
            "malrase",
            "msingle",
            "lefurjah"
        ]
    },
    "xxv": {
        "word": "xxv",
        "wordset_id": "04c378012e",
        "meanings": [
            {
                "id": "deb0f5adc4",
                "def": "the Roman numeral for 25",
                "speech_part": "adjective",
                "synonyms": [
                    "twenty-five"
                ],
                "labels": [
                    {
                        "name": "archaic",
                        "is_dialect": false
                    }
                ]
            }
        ],
        "editors": [
            "msingle"
        ],
        "contributors": [
            "malrase",
            "hcatlin",
            "lefurjah"
        ]
    },
    "xxvi": {
        "word": "xxvi",
        "wordset_id": "09b07b63e9",
        "meanings": [
            {
                "id": "d4da320eab",
                "def": "the Roman numeral for 26",
                "speech_part": "adjective",
                "synonyms": [
                    "twenty-six"
                ],
                "labels": [
                    {
                        "name": "archaic",
                        "is_dialect": false
                    }
                ]
            }
        ],
        "editors": [
            "msingle"
        ],
        "contributors": [
            "malrase",
            "hcatlin",
            "lefurjah"
        ]
    },
    "xc": {
        "word": "xc",
        "wordset_id": "188fa29de3",
        "meanings": [
            {
                "id": "3b78db3639",
                "def": "the Roman numeral for 90",
                "speech_part": "adjective",
                "synonyms": [
                    "ninety"
                ],
                "labels": [
                    {
                        "name": "archaic",
                        "is_dialect": false
                    }
                ]
            }
        ],
        "editors": [
            "hcatlin"
        ],
        "contributors": [
            "malrase",
            "msingle",
            "lefurjah"
        ]
    },
    "xci": {
        "word": "xci",
        "wordset_id": "bf6b328ad7",
        "meanings": [
            {
                "id": "d25266ae26",
                "def": "the Roman numeral for 91",
                "speech_part": "adjective",
                "synonyms": [
                    "ninety-one"
                ],
                "labels": [
                    {
                        "name": "archaic",
                        "is_dialect": false
                    }
                ]
            }
        ],
        "editors": [
            "malrase"
        ],
        "contributors": [
            "msingle",
            "hcatlin",
            "lefurjah"
        ]
    },
    "xcl": {
        "word": "xcl",
        "wordset_id": "5de6668c8c",
        "meanings": [
            {
                "id": "06125f6bbf",
                "def": "the Roman numeral for 190",
                "speech_part": "adjective",
                "synonyms": [
                    "one hundred ninety"
                ],
                "labels": [
                    {
                        "name": "archaic",
                        "is_dialect": false
                    }
                ]
            }
        ],
        "editors": [
            "msingle"
        ],
        "contributors": [
            "malrase",
            "hcatlin",
            "sabreuse"
        ]
    },
    "xciii": {
        "word": "xciii",
        "wordset_id": "21821640d9",
        "meanings": [
            {
                "id": "fa1f22518a",
                "def": "the Roman numeral for 93",
                "speech_part": "adjective",
                "synonyms": [
                    null
                ],
                "labels": [
                    {
                        "name": "archaic",
                        "is_dialect": false
                    }
                ]
            }
        ],
        "editors": [
            "malrase"
        ],
        "contributors": [
            "msingle",
            "sabreuse",
            "hcatlin"
        ]
    },
    "xciv": {
        "word": "xciv",
        "wordset_id": "3ccd3600f7",
        "meanings": [
            {
                "id": "091ceff116",
                "def": "nintey-four in Roman numerals",
                "speech_part": "adjective"
            }
        ],
        "editors": [
            "lefurjah"
        ],
        "contributors": [
            "bryanedu",
            "malrase",
            "hcatlin"
        ]
    },
    "xcv": {
        "word": "xcv",
        "wordset_id": "2a88ba352f",
        "meanings": [
            {
                "id": "cd24500fc8",
                "def": "the Roman numeral for 95",
                "speech_part": "adjective",
                "synonyms": [
                    "ninety-five"
                ],
                "labels": [
                    {
                        "name": "archaic",
                        "is_dialect": false
                    }
                ]
            }
        ],
        "editors": [
            "msingle"
        ],
        "contributors": [
            "malrase",
            "lefurjah",
            "hcatlin"
        ]
    },
    "xcvi": {
        "word": "xcvi",
        "wordset_id": "6445948b04",
        "meanings": [
            {
                "id": "ef0a0a4a21",
                "def": "the Roman numeral for 96",
                "speech_part": "adjective",
                "synonyms": [
                    "ninety-six"
                ],
                "labels": [
                    {
                        "name": "archaic",
                        "is_dialect": false
                    }
                ]
            }
        ],
        "editors": [
            "msingle"
        ],
        "contributors": [
            "malrase",
            "hcatlin",
            "sabreuse"
        ]
    },
    "xcvii": {
        "word": "xcvii",
        "wordset_id": "eef69775e6",
        "meanings": [
            {
                "id": "e59d667415",
                "def": "the number 97 in Roman numerals",
                "example": "It's my xcvii birthday, Augustus!",
                "speech_part": "adjective",
                "synonyms": [
                    "ninety-seven"
                ]
            }
        ],
        "editors": [
            "hcatlin"
        ],
        "contributors": [
            "malrase",
            "msingle",
            "lefurjah"
        ]
    },
    "xcviii": {
        "word": "xcviii",
        "wordset_id": "c0e83dc31d",
        "meanings": [
            {
                "id": "5777d1dc18",
                "def": "the Roman numeral for 98",
                "speech_part": "adjective",
                "synonyms": [
                    "ninety-eight"
                ],
                "labels": [
                    {
                        "name": "archaic",
                        "is_dialect": false
                    }
                ]
            }
        ],
        "editors": [
            "msingle"
        ],
        "contributors": [
            "lefurjah",
            "bryanedu",
            "malrase",
            "zellerpress",
            "hcatlin"
        ]
    },
    "xeric": {
        "word": "xeric",
        "wordset_id": "5f1a35aeac",
        "meanings": [
            {
                "id": "24959211ae",
                "def": "being deficient in moisture",
                "example": "The Sahara desert is a xeric environment – it rarely rains there.",
                "speech_part": "adjective",
                "labels": [
                    {
                        "name": "technical",
                        "is_dialect": false
                    }
                ]
            }
        ],
        "editors": [
            "malrase"
        ],
        "contributors": [
            "msingle",
            "sabreuse",
            "hcatlin"
        ]
    },
    "xerophytic": {
        "word": "xerophytic",
        "wordset_id": "3c10a0f425",
        "meanings": [
            {
                "id": "2aa387b76c",
                "def": "adapted to a dry environment",
                "example": "Cacti are xerophytic plants.",
                "speech_part": "adjective"
            }
        ],
        "editors": [
            "malrase"
        ],
        "contributors": [
            "msingle",
            "sabreuse",
            "hcatlin"
        ]
    },
    "xenogeneic": {
        "word": "xenogeneic",
        "wordset_id": "bcf0e4b36e",
        "meanings": [
            {
                "id": "d7d3ee4287",
                "def": "denoting or relating to cells or tissues from individuals belonging to different species",
                "example": "The xenogenic reactions of trees and mosses is quite fascinating.",
                "speech_part": "adjective",
                "labels": [
                    {
                        "name": "technical",
                        "is_dialect": false
                    },
                    {
                        "name": "scientific",
                        "is_dialect": false,
                        "parent": {
                            "name": "technical",
                            "is_dialect": false
                        }
                    }
                ]
            }
        ],
        "editors": [
            "hcatlin"
        ],
        "contributors": [
            "malrase",
            "msingle",
            "lefurjah"
        ]
    },
    "X-linked": {
        "word": "X-linked",
        "wordset_id": "e87c78620d",
        "meanings": [
            {
                "id": "75e0ba7ee5",
                "def": "relating to genes or characteristics or conditions carried on the X chromosome",
                "example": "I think it might be an X-linked mutation.",
                "speech_part": "adjective",
                "labels": [
                    {
                        "name": "technical",
                        "is_dialect": false
                    },
                    {
                        "name": "medical",
                        "is_dialect": false,
                        "parent": {
                            "name": "technical",
                            "is_dialect": false
                        }
                    },
                    {
                        "name": "scientific",
                        "is_dialect": false,
                        "parent": {
                            "name": "technical",
                            "is_dialect": false
                        }
                    }
                ]
            }
        ],
        "editors": [
            "hcatlin"
        ],
        "contributors": [
            "malrase",
            "msingle",
            "lefurjah"
        ]
    },
    "xerographic": {
        "word": "xerographic",
        "wordset_id": "cacfb35d04",
        "meanings": [
            {
                "id": "66c9509879",
                "def": "of or relating to copying paper or other items, aka xerography",
                "example": "Our xerographic machine was on the fritz.",
                "speech_part": "adjective"
            }
        ],
        "editors": [
            "hcatlin"
        ],
        "contributors": [
            "malrase",
            "msingle",
            "lefurjah"
        ]
    },
    "X-raying": {
        "word": "X-raying",
        "wordset_id": "82d8f3a646",
        "meanings": [
            {
                "id": "75458302ac",
                "def": "obtaining images by the use of X rays",
                "example": "The pictures from the X-raying were analyzed by the dentist.",
                "speech_part": "noun"
            }
        ],
        "editors": [
            "msingle"
        ],
        "contributors": [
            "malrase",
            "hcatlin",
            "sabreuse"
        ]
    },
    "xerography": {
        "word": "xerography",
        "wordset_id": "60c6c25f6e",
        "meanings": [
            {
                "id": "5ae187a2f9",
                "def": "forming an image by the action of light on a specially coated charged plate",
                "example": "The machine used xerography to print copies.",
                "speech_part": "noun"
            }
        ],
        "editors": [
            "malrase"
        ],
        "contributors": [
            "msingle",
            "sabreuse",
            "hcatlin"
        ]
    },
    "xeroradiography": {
        "word": "xeroradiography",
        "wordset_id": "b535e5219e",
        "meanings": [
            {
                "id": "dff19146e3",
                "def": "radiography using X-rays and xerographic techniques",
                "example": "The radiologist specialized in xeroradiography.",
                "speech_part": "noun",
                "labels": [
                    {
                        "name": "technical",
                        "is_dialect": false
                    },
                    {
                        "name": "medical",
                        "is_dialect": false,
                        "parent": {
                            "name": "technical",
                            "is_dialect": false
                        }
                    },
                    {
                        "name": "scientific",
                        "is_dialect": false,
                        "parent": {
                            "name": "technical",
                            "is_dialect": false
                        }
                    }
                ]
            }
        ],
        "editors": [
            "msingle",
            "hcatlin"
        ],
        "contributors": [
            "malrase",
            "bryanedu",
            "lefurjah",
            "zellerpress"
        ]
    },
    "xenotransplant": {
        "word": "xenotransplant",
        "wordset_id": "8a07f7864a",
        "meanings": [
            {
                "id": "680a17d53d",
                "def": "a surgical procedure in which tissue or whole organs are transfered from one species to another species",
                "speech_part": "noun",
                "synonyms": [
                    "xenotransplantation"
                ]
            }
        ]
    },
    "xenotransplantation": {
        "word": "xenotransplantation",
        "wordset_id": "445114bbbf",
        "meanings": [
            {
                "id": "b3628ed597",
                "def": "a surgical procedure in which tissue or whole organs are transfered from one species to another species",
                "example": "The comparable sizes of organs in pigs and humans means that xenotransplantation could be feasible.",
                "speech_part": "noun",
                "synonyms": [
                    "xenotransplant"
                ],
                "labels": [
                    {
                        "name": "technical",
                        "is_dialect": false
                    },
                    {
                        "name": "medical",
                        "is_dialect": false,
                        "parent": {
                            "name": "technical",
                            "is_dialect": false
                        }
                    }
                ]
            }
        ],
        "editors": [
            "malrase"
        ],
        "contributors": [
            "msingle",
            "sabreuse",
            "hcatlin"
        ]
    },
    "xanthomonad": {
        "word": "xanthomonad",
        "wordset_id": "714178917e",
        "meanings": [
            {
                "id": "a3b706c596",
                "def": "bacteria producing yellow non-water-soluble pigments",
                "example": "I cultured a flask full of xanthomonad.",
                "speech_part": "noun",
                "labels": [
                    {
                        "name": "technical",
                        "is_dialect": false
                    },
                    {
                        "name": "scientific",
                        "is_dialect": false,
                        "parent": {
                            "name": "technical",
                            "is_dialect": false
                        }
                    }
                ]
            }
        ],
        "editors": [
            "malrase"
        ],
        "contributors": [
            "msingle",
            "lefurjah",
            "hcatlin"
        ]
    },
    "xylophone": {
        "word": "xylophone",
        "wordset_id": "ff153d2824",
        "meanings": [
            {
                "id": "37bb637455",
                "def": "a percussion instrument with wooden bars tuned to produce a chromatic scale, with resonators to help with the sound quality",
                "example": "The children were encouraged to play the xylophone.",
                "speech_part": "noun",
                "synonyms": [
                    "marimba"
                ]
            }
        ],
        "editors": [
            "malrase"
        ],
        "contributors": [
            "msingle",
            "lefurjah",
            "hcatlin"
        ]
    },
    "X ray": {
        "word": "X ray",
        "wordset_id": "13040b7fef",
        "meanings": [
            {
                "id": "99e0ce0b3b",
                "def": "a radiogram made by exposing photographic film to X rays",
                "speech_part": "noun",
                "synonyms": [
                    "roentgenogram"
                ]
            },
            {
                "id": "8333b9b13a",
                "def": "electromagnetic radiation of short wavelength produced when high-speed electrons strike a solid target",
                "speech_part": "noun",
                "synonyms": [
                    "X-ray",
                    "roentgen ray"
                ]
            }
        ]
    },
    "X-ray": {
        "word": "X-ray",
        "wordset_id": "43744e1cfe",
        "meanings": [
            {
                "id": "e73a7895b3",
                "def": "a radiogram made by exposing photographic film to X rays",
                "speech_part": "noun",
                "synonyms": [
                    "roentgenogram"
                ]
            },
            {
                "id": "a5d16cbbe1",
                "def": "electromagnetic radiation of short wavelength produced when high-speed electrons strike a solid target",
                "speech_part": "noun",
                "synonyms": [
                    "X ray"
                ]
            }
        ]
    },
    "Xerox": {
        "word": "Xerox",
        "wordset_id": "9a8e982dd1",
        "meanings": [
            {
                "id": "895e36ff4f",
                "def": "a duplicator (trade mark Xerox) that copies graphic matter by the action of light on an electrically charged photoconductive insulating surface in which the latent image is developed with a resinous powder",
                "speech_part": "noun",
                "synonyms": [
                    "xerographic copier"
                ]
            }
        ]
    },
    "xerographic copier": {
        "word": "xerographic copier",
        "wordset_id": "61021281f4",
        "meanings": [
            {
                "id": "962816f977",
                "def": "a duplicator that copies graphic matter by the action of light on an electrically charged photoconductive insulating surface in which the latent image is developed with a resinous powder",
                "example": "The office has a xerographic copier for making multiples of its newsletters.",
                "speech_part": "noun",
                "synonyms": [
                    "Xerox"
                ]
            }
        ],
        "editors": [
            "malrase"
        ],
        "contributors": [
            "msingle",
            "lefurjah",
            "hcatlin"
        ]
    },
    "xerox": {
        "word": "xerox",
        "wordset_id": "559a7067ed",
        "meanings": [
            {
                "id": "02c3c80587",
                "def": "a copy made by a xerographic printer",
                "speech_part": "noun"
            },
            {
                "id": "b741f3f771",
                "def": "reproduce by xerography",
                "speech_part": "verb",
                "synonyms": [
                    "photocopy"
                ]
            }
        ]
    },
    "X-OR circuit": {
        "word": "X-OR circuit",
        "wordset_id": "bcdaf12f55",
        "meanings": [
            {
                "id": "51c8f11e45",
                "def": "gate for exclusive OR",
                "speech_part": "noun",
                "synonyms": [
                    "XOR circuit",
                    "XOR gate"
                ]
            }
        ]
    },
    "XOR circuit": {
        "word": "XOR circuit",
        "wordset_id": "a692f11e5b",
        "meanings": [
            {
                "id": "23ec2581a7",
                "def": "gate for exclusive OR",
                "speech_part": "noun",
                "synonyms": [
                    "X-OR circuit"
                ]
            }
        ],
        "editors": [
            "lefurjah"
        ],
        "contributors": [
            "msingle",
            "malrase",
            "hcatlin"
        ]
    },
    "XOR gate": {
        "word": "XOR gate",
        "wordset_id": "6caa53cfcd",
        "meanings": [
            {
                "id": "4b370faa8c",
                "def": "gate for exclusive OR, used in circuit design",
                "speech_part": "noun",
                "synonyms": [
                    "X-OR circuit"
                ],
                "labels": [
                    {
                        "name": "technical",
                        "is_dialect": false
                    }
                ]
            }
        ],
        "editors": [
            "hcatlin"
        ],
        "contributors": [
            "bryanedu",
            "malrase",
            "lefurjah"
        ]
    },
    "xiphoid process": {
        "word": "xiphoid process",
        "wordset_id": "b086c57793",
        "meanings": [
            {
                "id": "ca75841bdd",
                "def": "smallest of the three parts of the breastbone",
                "speech_part": "noun",
                "labels": [
                    {
                        "name": "technical",
                        "is_dialect": false
                    },
                    {
                        "name": "medical",
                        "is_dialect": false,
                        "parent": {
                            "name": "technical",
                            "is_dialect": false
                        }
                    }
                ]
            }
        ],
        "editors": [
            "hcatlin"
        ],
        "contributors": [
            "malrase",
            "msingle",
            "lefurjah"
        ]
    },
    "xenograft": {
        "word": "xenograft",
        "wordset_id": "57ea128cfb",
        "meanings": [
            {
                "id": "d39037baff",
                "def": "tissue from an animal of one species used as a temporary graft, as in cases of severe burns, on an individual of another species",
                "example": "The surgeons used skin from a pig as a xenograft.",
                "speech_part": "noun",
                "synonyms": [
                    "heterograft"
                ]
            }
        ],
        "editors": [
            "msingle"
        ],
        "contributors": [
            "bryanedu",
            "malrase",
            "hcatlin"
        ]
    },
    "x-axis": {
        "word": "x-axis",
        "wordset_id": "1400c446a4",
        "meanings": [
            {
                "id": "46a3a85885",
                "def": "the horizontal axis in a plane coordinate system",
                "example": "We marked the x-axis with the number of visitors that the museum received.",
                "speech_part": "noun",
                "labels": [
                    {
                        "name": "technical",
                        "is_dialect": false
                    },
                    {
                        "name": "mathematical",
                        "is_dialect": false,
                        "parent": {
                            "name": "technical",
                            "is_dialect": false
                        }
                    }
                ]
            }
        ],
        "editors": [
            "hcatlin"
        ],
        "contributors": [
            "malrase",
            "msingle",
            "lefurjah"
        ]
    },
    "xenolith": {
        "word": "xenolith",
        "wordset_id": "ed1e620dcb",
        "meanings": [
            {
                "id": "29169ddade",
                "def": "a piece of rock of different origin from the igneous rock in which it is embedded",
                "speech_part": "noun",
                "labels": [
                    {
                        "name": "technical",
                        "is_dialect": false
                    },
                    {
                        "name": "scientific",
                        "is_dialect": false,
                        "parent": {
                            "name": "technical",
                            "is_dialect": false
                        }
                    }
                ]
            }
        ],
        "editors": [
            "hcatlin"
        ],
        "contributors": [
            "malrase",
            "msingle",
            "lefurjah"
        ]
    },
    "xylophonist": {
        "word": "xylophonist",
        "wordset_id": "3369324d50",
        "meanings": [
            {
                "id": "007cc87034",
                "def": "someone who plays a xylophone",
                "example": "The xylophonist played the Danse Macabre.",
                "speech_part": "noun"
            }
        ],
        "editors": [
            "malrase"
        ],
        "contributors": [
            "msingle",
            "lefurjah",
            "hcatlin"
        ]
    },
    "xenogenesis": {
        "word": "xenogenesis",
        "wordset_id": "4f51687b7e",
        "meanings": [
            {
                "id": "e52502ba81",
                "def": "the production of offspring that is distinct from either parent",
                "example": "The two creatures did not look alike, but were thought to be different stages in xenogenesis.",
                "speech_part": "noun",
                "synonyms": [
                    "alternation of generations"
                ],
                "labels": [
                    {
                        "name": "technical",
                        "is_dialect": false
                    },
                    {
                        "name": "scientific",
                        "is_dialect": false,
                        "parent": {
                            "name": "technical",
                            "is_dialect": false
                        }
                    }
                ]
            }
        ],
        "editors": [
            "malrase"
        ],
        "contributors": [
            "msingle",
            "hcatlin",
            "lefurjah"
        ]
    },
    "xerophyte": {
        "word": "xerophyte",
        "wordset_id": "de2c709d31",
        "meanings": [
            {
                "id": "8d1d77b72a",
                "def": "plant adapted for life with a limited supply of water",
                "example": "The gardener loved the easy maintenance of the xerophyte.",
                "speech_part": "noun",
                "synonyms": [
                    "desert plant"
                ]
            }
        ],
        "editors": [
            "msingle"
        ],
        "contributors": [
            "malrase",
            "hcatlin",
            "sabreuse"
        ]
    },
    "xerophytic plant": {
        "word": "xerophytic plant",
        "wordset_id": "5fbc5426cf",
        "meanings": [
            {
                "id": "1f3c7887ee",
                "def": "plant adapted for life with a limited supply of water",
                "example": "The xerophytic plant was well adapted to the high desert climate.",
                "speech_part": "noun",
                "synonyms": [
                    "desert plant"
                ]
            }
        ],
        "editors": [
            "msingle"
        ],
        "contributors": [
            "malrase",
            "lefurjah",
            "hcatlin"
        ]
    },
    "xerophile": {
        "word": "xerophile",
        "wordset_id": "f54648d40d",
        "meanings": [
            {
                "id": "5d15b0d255",
                "def": "plant adapted for life with a limited supply of water",
                "example": "Cacti are some of the most well-known xerophiles.",
                "speech_part": "noun",
                "synonyms": [
                    "desert plant"
                ]
            }
        ],
        "editors": [
            "malrase"
        ],
        "contributors": [
            "msingle",
            "sabreuse",
            "hcatlin"
        ]
    },
    "xerophilous plant": {
        "word": "xerophilous plant",
        "wordset_id": "a74448a690",
        "meanings": [
            {
                "id": "8fa022965a",
                "def": "plant adapted for life with a limited supply of water",
                "example": "The cactus is the easiest example of a xerophilous plant.",
                "speech_part": "noun",
                "synonyms": [
                    "desert plant"
                ],
                "labels": [
                    {
                        "name": "technical",
                        "is_dialect": false
                    },
                    {
                        "name": "scientific",
                        "is_dialect": false,
                        "parent": {
                            "name": "technical",
                            "is_dialect": false
                        }
                    }
                ]
            }
        ],
        "editors": [
            "msingle"
        ],
        "contributors": [
            "malrase",
            "sabreuse",
            "hcatlin"
        ]
    },
    "xylem": {
        "word": "xylem",
        "wordset_id": "641a96b3c6",
        "meanings": [
            {
                "id": "8fc6fdd400",
                "def": "the woody part of plants: the supporting and water-conducting tissue, consisting primarily of tracheids and vessels",
                "example": "The xylem carries water up into the tree.",
                "speech_part": "noun",
                "labels": [
                    {
                        "name": "technical",
                        "is_dialect": false
                    },
                    {
                        "name": "scientific",
                        "is_dialect": false,
                        "parent": {
                            "name": "technical",
                            "is_dialect": false
                        }
                    }
                ]
            }
        ],
        "editors": [
            "hcatlin"
        ],
        "contributors": [
            "malrase",
            "msingle",
            "lefurjah"
        ]
    },
    "xanthelasma": {
        "word": "xanthelasma",
        "wordset_id": "6a327a4385",
        "meanings": [
            {
                "id": "81acb3b8f0",
                "def": "xanthoma of the eyelids",
                "speech_part": "noun",
                "labels": [
                    {
                        "name": "technical",
                        "is_dialect": false
                    },
                    {
                        "name": "medical",
                        "is_dialect": false,
                        "parent": {
                            "name": "technical",
                            "is_dialect": false
                        }
                    }
                ]
            }
        ],
        "editors": [
            "hcatlin"
        ],
        "contributors": [
            "malrase",
            "msingle",
            "lefurjah"
        ]
    },
    "xanthoma": {
        "word": "xanthoma",
        "wordset_id": "e9ef404da9",
        "meanings": [
            {
                "id": "18a1ac3a02",
                "def": "a skin problem marked by the development of irregular yellow nodules on the eyelids, neck and back",
                "example": "The patient is suffering from xanthoma.",
                "speech_part": "noun",
                "labels": [
                    {
                        "name": "technical",
                        "is_dialect": false
                    },
                    {
                        "name": "medical",
                        "is_dialect": false,
                        "parent": {
                            "name": "technical",
                            "is_dialect": false
                        }
                    }
                ]
            }
        ],
        "editors": [
            "lefurjah"
        ],
        "contributors": [
            "bryanedu",
            "malrase",
            "hcatlin"
        ]
    },
    "xanthoma disseminatum": {
        "word": "xanthoma disseminatum",
        "wordset_id": "a6c4cc3d0e",
        "meanings": [
            {
                "id": "9be59ef8e0",
                "def": "rare chronic xanthoma of adults in which orange or brownish papules develop on many surfaces of the body",
                "speech_part": "noun",
                "labels": [
                    {
                        "name": "technical",
                        "is_dialect": false
                    },
                    {
                        "name": "medical",
                        "is_dialect": false,
                        "parent": {
                            "name": "technical",
                            "is_dialect": false
                        }
                    }
                ]
            }
        ],
        "editors": [
            "hcatlin"
        ],
        "contributors": [
            "msingle",
            "malrase",
            "lefurjah"
        ]
    },
    "xanthomatosis": {
        "word": "xanthomatosis",
        "wordset_id": "d9065a1701",
        "meanings": [
            {
                "id": "aa63d6ce68",
                "def": "widespread xanthomas (especially on elbows and knees)",
                "speech_part": "noun",
                "synonyms": [
                    "xanthoma multiplex",
                    "cholesterosis cutis",
                    "lipid granulomatosis"
                ]
            }
        ]
    },
    "xanthoma multiplex": {
        "word": "xanthoma multiplex",
        "wordset_id": "90b6048d2e",
        "meanings": [
            {
                "id": "a2842f92fe",
                "def": "widespread yellowish deposits of cholesterol, found especially on the elbows and knees",
                "example": "The child presented with xanthoma multiplex.",
                "speech_part": "noun",
                "synonyms": [
                    "xanthomatosis"
                ],
                "labels": [
                    {
                        "name": "technical",
                        "is_dialect": false
                    },
                    {
                        "name": "medical",
                        "is_dialect": false,
                        "parent": {
                            "name": "technical",
                            "is_dialect": false
                        }
                    }
                ]
            }
        ],
        "editors": [
            "malrase"
        ],
        "contributors": [
            "msingle",
            "lefurjah",
            "hcatlin"
        ]
    },
    "xanthosis": {
        "word": "xanthosis",
        "wordset_id": "45224f7553",
        "meanings": [
            {
                "id": "bad9805c57",
                "def": "an abnormal yellow discoloration of the skin",
                "example": "The child was so unhealthy that the skin displayed xanthosis.",
                "speech_part": "noun",
                "labels": [
                    {
                        "name": "technical",
                        "is_dialect": false
                    },
                    {
                        "name": "medical",
                        "is_dialect": false,
                        "parent": {
                            "name": "technical",
                            "is_dialect": false
                        }
                    }
                ]
            }
        ],
        "editors": [
            "hcatlin"
        ],
        "contributors": [
            "malrase",
            "msingle",
            "lefurjah"
        ]
    },
    "xenophobia": {
        "word": "xenophobia",
        "wordset_id": "334cc14715",
        "meanings": [
            {
                "id": "89a0d8b072",
                "def": "a fear of foreigners or strangers",
                "example": "I think your xenophobia might be cured by a trip abroad.",
                "speech_part": "noun"
            }
        ],
        "editors": [
            "lefurjah"
        ],
        "contributors": [
            "malrase",
            "msingle",
            "hcatlin"
        ]
    },
    "xanthopsia": {
        "word": "xanthopsia",
        "wordset_id": "470976bb0a",
        "meanings": [
            {
                "id": "afc94472b0",
                "def": "visual defect in which objects appear to have a yellowish hue",
                "example": "The drug digitalin is thought to cause xanthopsia.",
                "speech_part": "noun"
            }
        ],
        "editors": [
            "malrase"
        ],
        "contributors": [
            "msingle",
            "lefurjah",
            "hcatlin"
        ]
    },
    "xerotes": {
        "word": "xerotes",
        "wordset_id": "1df90e3ab6",
        "meanings": [
            {
                "id": "ce2480cd6a",
                "def": "the condition of not containing or being covered by a liquid, especially water",
                "example": "The xerotes of the skin was helped by applying a wax.",
                "speech_part": "noun",
                "synonyms": [
                    "dryness"
                ],
                "labels": [
                    {
                        "name": "archaic",
                        "is_dialect": false
                    }
                ]
            }
        ],
        "editors": [
            "malrase"
        ],
        "contributors": [
            "msingle",
            "hcatlin",
            "lefurjah"
        ]
    },
    "xeroderma": {
        "word": "xeroderma",
        "wordset_id": "ffe6550853",
        "meanings": [
            {
                "id": "5176e8bb5a",
                "def": "a mild form of ichthyosis characterized by abnormal dryness and roughness of the skin",
                "speech_part": "noun",
                "synonyms": [
                    "xerodermia"
                ]
            }
        ]
    },
    "xerodermia": {
        "word": "xerodermia",
        "wordset_id": "0ab0564909",
        "meanings": [
            {
                "id": "660824bfb6",
                "def": "a mild form of ichthyosis characterized by abnormal dryness and roughness of the skin",
                "speech_part": "noun",
                "synonyms": [
                    "xeroderma"
                ],
                "labels": [
                    {
                        "name": "technical",
                        "is_dialect": false
                    },
                    {
                        "name": "medical",
                        "is_dialect": false,
                        "parent": {
                            "name": "technical",
                            "is_dialect": false
                        }
                    }
                ]
            }
        ],
        "editors": [
            "hcatlin"
        ],
        "contributors": [
            "malrase",
            "msingle",
            "lefurjah"
        ]
    },
    "xeroderma pigmentosum": {
        "word": "xeroderma pigmentosum",
        "wordset_id": "c011a947cd",
        "meanings": [
            {
                "id": "f8cfd86891",
                "def": "a rare genetic condition characterized by an eruption of exposed skin occurring in childhood and photosensitivity with severe sunburn",
                "speech_part": "noun",
                "labels": [
                    {
                        "name": "technical",
                        "is_dialect": false
                    },
                    {
                        "name": "medical",
                        "is_dialect": false,
                        "parent": {
                            "name": "technical",
                            "is_dialect": false
                        }
                    }
                ]
            }
        ],
        "editors": [
            "hcatlin"
        ],
        "contributors": [
            "malrase",
            "msingle",
            "lefurjah"
        ]
    },
    "xerophthalmia": {
        "word": "xerophthalmia",
        "wordset_id": "b4d10337ee",
        "meanings": [
            {
                "id": "dec5d6f20c",
                "def": "abnormal dryness of the conjunctiva and cornea of the eyes",
                "speech_part": "noun",
                "synonyms": [
                    "xerophthalmus",
                    "xeroma",
                    "conjunctivitis arida"
                ]
            }
        ]
    },
    "xerophthalmus": {
        "word": "xerophthalmus",
        "wordset_id": "9873e35578",
        "meanings": [
            {
                "id": "d8883972fe",
                "def": "abnormal dryness of the conjunctiva and cornea of the eyes",
                "speech_part": "noun",
                "synonyms": [
                    "xerophthalmia"
                ],
                "labels": [
                    {
                        "name": "technical",
                        "is_dialect": false
                    },
                    {
                        "name": "medical",
                        "is_dialect": false,
                        "parent": {
                            "name": "technical",
                            "is_dialect": false
                        }
                    }
                ]
            }
        ],
        "editors": [
            "hcatlin"
        ],
        "contributors": [
            "msingle",
            "malrase",
            "lefurjah"
        ]
    },
    "xeroma": {
        "word": "xeroma",
        "wordset_id": "4314dad75f",
        "meanings": [
            {
                "id": "553c0ca1dc",
                "def": "abnormal dryness of the conjunctiva and cornea of the eyes",
                "example": "Your eyes have a condition called xeroma.",
                "speech_part": "noun",
                "synonyms": [
                    "xerophthalmia"
                ],
                "labels": [
                    {
                        "name": "technical",
                        "is_dialect": false
                    },
                    {
                        "name": "medical",
                        "is_dialect": false,
                        "parent": {
                            "name": "technical",
                            "is_dialect": false
                        }
                    }
                ]
            }
        ],
        "editors": [
            "lefurjah"
        ],
        "contributors": [
            "malrase",
            "msingle",
            "hcatlin"
        ]
    },
    "xerostomia": {
        "word": "xerostomia",
        "wordset_id": "67cbea91e6",
        "meanings": [
            {
                "id": "5bdbd97762",
                "def": "abnormal dryness of the mouth resulting from decreased secretion of saliva",
                "speech_part": "noun",
                "synonyms": [
                    "dry mouth"
                ]
            }
        ]
    },
    "xanthemia": {
        "word": "xanthemia",
        "wordset_id": "19c92074a7",
        "meanings": [
            {
                "id": "c428e45fd3",
                "def": "excess carotene in the blood stream",
                "example": "Eating too many carrots had contributed to the child's xanthemia.",
                "speech_part": "noun",
                "synonyms": [
                    "carotenemia"
                ],
                "labels": [
                    {
                        "name": "technical",
                        "is_dialect": false
                    },
                    {
                        "name": "medical",
                        "is_dialect": false,
                        "parent": {
                            "name": "technical",
                            "is_dialect": false
                        }
                    },
                    {
                        "name": "scientific",
                        "is_dialect": false,
                        "parent": {
                            "name": "technical",
                            "is_dialect": false
                        }
                    }
                ]
            }
        ],
        "editors": [
            "msingle"
        ],
        "contributors": [
            "malrase",
            "lefurjah",
            "hcatlin"
        ]
    },
    "xenon": {
        "word": "xenon",
        "wordset_id": "43b584e95b",
        "meanings": [
            {
                "id": "81da5eb232",
                "def": "a colorless, odorless, inert gaseous element occurring in the earth's atmosphere in trace amounts",
                "example": "The canister was filled with xenon.",
                "speech_part": "noun"
            }
        ],
        "editors": [
            "malrase"
        ],
        "contributors": [
            "msingle",
            "bryanedu",
            "rakesh",
            "lefurjah",
            "taching",
            "zellerpress"
        ]
    },
    "xanthophyll": {
        "word": "xanthophyll",
        "wordset_id": "79cae7d652",
        "meanings": [
            {
                "id": "24705b2067",
                "def": "yellow carotenoid pigments in plants and animal fats and egg yolks",
                "speech_part": "noun",
                "synonyms": [
                    "xanthophyl",
                    "lutein"
                ]
            }
        ]
    },
    "xanthophyl": {
        "word": "xanthophyl",
        "wordset_id": "6bc234984e",
        "meanings": [
            {
                "id": "3ac9da6156",
                "def": "yellow carotenoid pigments in plants and animal fats and egg yolks",
                "speech_part": "noun",
                "synonyms": [
                    "xanthophyll"
                ],
                "labels": [
                    {
                        "name": "technical",
                        "is_dialect": false
                    },
                    {
                        "name": "scientific",
                        "is_dialect": false,
                        "parent": {
                            "name": "technical",
                            "is_dialect": false
                        }
                    }
                ]
            }
        ],
        "editors": [
            "hcatlin"
        ],
        "contributors": [
            "bryanedu",
            "malrase",
            "lefurjah"
        ]
    },
    "xanthate": {
        "word": "xanthate",
        "wordset_id": "60cf5183f6",
        "meanings": [
            {
                "id": "291bdadc55",
                "def": "a salt or ester of xanthic acid",
                "speech_part": "noun",
                "labels": [
                    {
                        "name": "technical",
                        "is_dialect": false
                    },
                    {
                        "name": "scientific",
                        "is_dialect": false,
                        "parent": {
                            "name": "technical",
                            "is_dialect": false
                        }
                    }
                ]
            }
        ],
        "editors": [
            "msingle"
        ],
        "contributors": [
            "malrase",
            "hcatlin",
            "lefurjah"
        ]
    },
    "xanthic acid": {
        "word": "xanthic acid",
        "wordset_id": "834147dffb",
        "meanings": [
            {
                "id": "ad1aa428cc",
                "def": "any of a class of unstable organic acids containing sulphur",
                "speech_part": "noun",
                "labels": [
                    {
                        "name": "technical",
                        "is_dialect": false
                    },
                    {
                        "name": "scientific",
                        "is_dialect": false,
                        "parent": {
                            "name": "technical",
                            "is_dialect": false
                        }
                    }
                ]
            }
        ],
        "editors": [
            "hcatlin"
        ],
        "contributors": [
            "malrase",
            "msingle",
            "lefurjah"
        ]
    },
    "xanthine": {
        "word": "xanthine",
        "wordset_id": "59dad95550",
        "meanings": [
            {
                "id": "28c32647e1",
                "def": "crystalline oxidation product of the metabolism of nucleoproteins",
                "example": "Once generated from guanine, xanthine is often turned into uric acid.",
                "speech_part": "noun",
                "labels": [
                    {
                        "name": "technical",
                        "is_dialect": false
                    },
                    {
                        "name": "scientific",
                        "is_dialect": false,
                        "parent": {
                            "name": "technical",
                            "is_dialect": false
                        }
                    }
                ]
            }
        ],
        "editors": [
            "malrase"
        ],
        "contributors": [
            "msingle",
            "sabreuse",
            "hcatlin"
        ]
    },
    "xylose": {
        "word": "xylose",
        "wordset_id": "bc42ac7d65",
        "meanings": [
            {
                "id": "c6f6548a3d",
                "def": "a sugar extracted from wood or straw",
                "example": "Xylose is found in most plants that humans consume.",
                "speech_part": "noun",
                "synonyms": [
                    "wood sugar"
                ],
                "labels": [
                    {
                        "name": "technical",
                        "is_dialect": false
                    },
                    {
                        "name": "scientific",
                        "is_dialect": false,
                        "parent": {
                            "name": "technical",
                            "is_dialect": false
                        }
                    }
                ]
            }
        ],
        "editors": [
            "malrase"
        ],
        "contributors": [
            "msingle",
            "sabreuse",
            "hcatlin"
        ]
    },
    "xenotime": {
        "word": "xenotime",
        "wordset_id": "d3b490559a",
        "meanings": [
            {
                "id": "fce74d11d1",
                "def": "a brown-to-yellow mineral that is a phosphate of yttrium in crystalline form",
                "speech_part": "noun",
                "labels": [
                    {
                        "name": "technical",
                        "is_dialect": false
                    },
                    {
                        "name": "scientific",
                        "is_dialect": false,
                        "parent": {
                            "name": "technical",
                            "is_dialect": false
                        }
                    }
                ]
            }
        ],
        "editors": [
            "lefurjah"
        ],
        "contributors": [
            "bryanedu",
            "malrase",
            "hcatlin"
        ]
    },
    "xylene": {
        "word": "xylene",
        "wordset_id": "02f8cfc859",
        "meanings": [
            {
                "id": "348b627bed",
                "def": "a colorless flammable volatile liquid hydrocarbon used as a solvent",
                "speech_part": "noun",
                "synonyms": [
                    "xylol"
                ]
            }
        ]
    },
    "xylol": {
        "word": "xylol",
        "wordset_id": "9b4dd5c3bc",
        "meanings": [
            {
                "id": "ac048d37f1",
                "def": "a colorless flammable volatile liquid hydrocarbon used as a solvent",
                "example": "The only way the powder would dissolve was in xylol.",
                "speech_part": "noun",
                "synonyms": [
                    "xylene"
                ],
                "labels": [
                    {
                        "name": "technical",
                        "is_dialect": false
                    },
                    {
                        "name": "scientific",
                        "is_dialect": false,
                        "parent": {
                            "name": "technical",
                            "is_dialect": false
                        }
                    }
                ]
            }
        ],
        "editors": [
            "malrase"
        ],
        "contributors": [
            "msingle",
            "lefurjah",
            "hcatlin"
        ]
    },
    "x-ray": {
        "word": "x-ray",
        "wordset_id": "246a657738",
        "meanings": [
            {
                "id": "810ebcf526",
                "def": "take an x-ray of something or somebody",
                "example": "The doctor x-rayed my chest",
                "speech_part": "verb"
            },
            {
                "id": "b8b1c3e910",
                "def": "examine by taking x-rays",
                "speech_part": "verb"
            }
        ]
    }
}